contact_id,first_name,last_name,email
4661,Cecilia,Velasco,Velasco
3765,Mariana,Ellis,Ellis
4187,Sofie,Woods,Woods
4941,Jeanette,Iannotti,Iannotti
2199,Samuel,Sorgatz,Sorgatz
5650,Socorro,Luna,Luna
5889,Carolina,Murray,Murray
4842,Kayla,Moon,Moon
3280,Ariadna,Geisel,Geisel
5468,Danielle,Ladeck,Ladeck
3064,Tatiana,Thompson,Thompson
4904,Caleb,Benavides,Benavides
1299,Sandra,Hardy,Hardy
5602,Lotti,Morris,Morris
5753,Reinhilde,White,White
4495,Kerry,Patel,Patel
4269,Sophie,Antoine,Antoine
2226,Martha,Girard,Girard
1558,Stephanie,King,King
2307,Amanda,Palmer,Palmer
2900,Lina,Alcala,Alcala
5695,Itzel,Murphy,Murphy
5708,Filippo,Parry,Parry
1663,Katelyn,Cole,Cole
3605,Brian,Novak,Novak
4678,Cilly,Gay,Gay
2251,Yolanda,Snyder,Snyder
6202,Evelin,Odonnell,Odonnell
3715,Ingeborg,Alba,Alba
4242,Marina,Madrid,Madrid
4326,Sheila,Goodwin,Goodwin
5560,Valeria,Rich,Rich
4002,Dustin,Camacho,Camacho
3813,Amalia,Marenzio,Marenzio
5336,Gian,Long,Long
4994,Stewart,Hunt,Hunt
1471,Greca,Ruiz,Ruiz
4482,Gerald,Olivera,Olivera
3241,Jaqueline,Wallace,Wallace
3477,John,Lane,Lane
2265,Pero,Joly,Joly
5911,Chad,Turner,Turner
2288,Adam,Zavala,Zavala
4064,Tyler,Rivera,Rivera
1294,Jens,Graham,Graham
5008,Virginia,Caetani,Caetani
3604,Martino,Wagner,Wagner
3263,Martin,Meyer,Meyer
5631,Marguerite,Walls,Walls
2851,Peter,Vogt,Vogt
3714,Nicholas,Christian,Christian
1664,Susi,Steinberg,Steinberg
5027,Tammy,Ramazzotti,Ramazzotti
3070,Abdul,Thomas,Thomas
4248,Justin,Luxardo,Luxardo
2034,Antonio,Gibson,Gibson
4085,Jeremy,Gomez,Gomez
3569,Raymond,Solorzano,Solorzano
3889,Flora,Harris,Harris
3136,Cheryl,Boyd,Boyd
2103,Rhys,Leiva,Leiva
2329,Mariano,Prieto,Prieto
3325,Laurie,Fibonacci,Fibonacci
3131,David,Rudolph,Rudolph
4995,Bryan,Ross,Ross
3631,Ubaldo,Brown,Brown
5373,Clelia,Faulkner,Faulkner
3126,Sara,Erickson,Erickson
2194,Rupert,Valle,Valle
2906,Puccio,Kitzmann,Kitzmann
2611,Thomas,Hutchinson,Hutchinson
2374,Abelardo,Castro,Castro
3254,Greco,Walker,Walker
3571,Miranda,Lacombe,Lacombe
2812,Diana,Schuchhardt,Schuchhardt
3961,Stacey,Knox,Knox
3872,Glen,Faivre,Faivre
4736,Andrew,Torres,Torres
5119,Denny,Fritz,Fritz
5725,Martyn,Caldera,Caldera
4037,Abigail,Foster,Foster
2109,Anthony,Hauffer,Hauffer
3283,Roger,Gerlach,Gerlach
6181,Christopher,Poirier,Poirier
3251,Branka,Traore,Traore
3443,Briana,Etienne,Etienne
2988,Brandon,Olson,Olson
1673,Celia,Ungaretti,Ungaretti
2085,Barbara,Guibert,Guibert
1672,Daniela,Bell,Bell
4426,Phyllis,Gurule,Gurule
3211,Alejandra,Joseph,Joseph
3190,Giulio,Bohlander,Bohlander
2081,Amber,Weller,Weller
3185,Mary,Etzold,Etzold
5044,Amy,Georges,Georges
1883,Jennifer,Giraud,Giraud
2067,Rosie,Peltier,Peltier
4604,Oreste,Ward,Ward
3203,Luis,Edwards,Edwards
5758,Fiona,Griffiths,Griffiths
5755,Sally,Raya,Raya
5150,Carolyn,Charpentier,Charpentier
4181,Nathalie,Alvarez,Alvarez
3006,Abril,Lowery,Lowery
4865,Ottone,Sullivan,Sullivan
2862,Esmeralda,Sollima,Sollima
6070,Silvia,Gierschner,Gierschner
5300,Kyle,Cunningham,Cunningham
3486,Anel,Carpentier,Carpentier
5989,Sarah,Davis,Davis
2849,Luke,Klein,Klein
1612,Gudrun,Mueller,Mueller
3307,Melissa,Canali,Canali
5288,Gabrielle,Ayala,Ayala
6026,Laura,Buckley,Buckley
2212,Wilfrido,Lorch,Lorch
4591,Robert,Bruder,Bruder
2771,Phillip,Soliz,Soliz
5682,Alex,Smith,Smith
5368,Jessica,Martinez,Martinez
3706,Kelly,Carter,Carter
4034,Ahmad,Sosa,Sosa
3209,Toralf,Iglesias,Iglesias
2384,Irene,Anichini,Anichini
3074,Alicia,Cainero,Cainero
2031,Tracey,Laboy,Laboy
5873,Donald,Reynaud,Reynaud
5501,Venancio,Stadelmann,Stadelmann
3489,Seth,Olivier,Olivier
4210,Dennis,Boaga,Boaga
6151,Pedro,Wilson,Wilson
6047,Roland,Weihmann,Weihmann
5445,Hector,Morrison,Morrison
5493,Evangelos,Peters,Peters
6036,Gerardo,Hamilton,Hamilton
2368,Meta,Cuzzocrea,Cuzzocrea
1501,Alma,Raymond,Raymond
4351,Kathleen,Solimena,Solimena
3096,Zacharie,Cordier,Cordier
6162,Riza,Techer,Techer
1433,Enrique,Guillen,Guillen
2720,Tristan,Weeks,Weeks
5251,Natalie,Lerma,Lerma
1797,Rodney,Hamon,Hamon
1656,Adalberto,Lombardo,Lombardo
1346,Florencia,Querini,Querini
2989,Liam,Rolland,Rolland
5629,Ian,Kelly,Kelly
3456,Mehdi,Todd,Todd
3229,Rembrandt,Liguori,Liguori
2277,Irmi,Schweitzer,Schweitzer
1276,Gioffre,Stein,Stein
3694,Frida,Villarreal,Villarreal
2260,Steffen,Mangold,Mangold
5374,Elias,Marin,Marin
4420,Roman,Gonzalez,Gonzalez
3849,Reina,Middleton,Middleton
1638,Sandro,Moran,Moran
5230,Gebhard,Thanel,Thanel
1763,Antonino,Bolander,Bolander
4323,Karl,Trevisani,Trevisani
5256,Silvester,Brookes,Brookes
4836,Octavio,Pratt,Pratt
5981,Rebecca,Greer,Greer
1463,Pierina,Gaggini,Gaggini
4577,Robin,Schleich,Schleich
4951,Sergio,Abbott,Abbott
3567,Gilberto,Evans,Evans
5475,James,Elliott,Elliott
2114,Timoteo,Bolnbach,Bolnbach
5216,Tonino,Stanley,Stanley
1665,Margaretha,Murialdo,Murialdo
6051,Bianca,Drubin,Drubin
3983,Kaylee,Hoffmann,Hoffmann
2966,Teresa,Vecellio,Vecellio
4478,Emine,Tacchini,Tacchini
4238,Dawn,Cortez,Cortez
4404,Emily,Cundari,Cundari
5666,Eleanor,Hall,Hall
3691,Monique,Delgadillo,Delgadillo
2703,Arnaude,Warner,Warner
4253,Jason,Howell,Howell
5652,Nicole,Mccullough,Mccullough
3279,Rosmarie,Esquibel,Esquibel
3233,Leonor,Ferreira,Ferreira
3017,Brett,Jones,Jones
3482,Nino,Bien,Bien
2166,Jemma,Tate,Tate
4146,Denis,Rogers,Rogers
2651,Vanesa,Khan,Khan
1409,Victoria,Ojeda,Ojeda
3717,Eugenio,Martin,Martin
3963,Nancy,Hayes,Hayes
2152,Lara,Jacob,Jacob
2974,Gino,Hernandez,Hernandez
1268,Vicente,Tijerina,Tijerina
1822,Michele,Brambilla,Brambilla
5066,Dana,Ritacca,Ritacca
5075,Mitchell,Bachmann,Bachmann
3855,Vincenza,Key,Key
5923,Salvador,Gaillard,Gaillard
1867,Diane,Rogner,Rogner
4376,Josette,Laine,Laine
2785,Courtney,Fiebig,Fiebig
5884,Hugues,Oliver,Oliver
2441,Espartaco,Willis,Willis
1243,Flavia,Yoder,Yoder
3411,Casey,Flores,Flores
2467,Calogero,Cross,Cross
1850,Charles,Begum,Begum
2604,Adina,Pollard,Pollard
1693,Natasha,Lara,Lara
2969,Benita,Pottier,Pottier
1544,Elizabeth,Valdivia,Valdivia
4149,Mattia,Huet,Huet
3463,Geza,Howard,Howard
2939,Lauren,Guillaume,Guillaume
2202,Joanna,Baxter,Baxter
1728,Tracy,Metz,Metz
5362,Birgit,Pena,Pena
4840,Elvira,Papafava,Papafava
2955,Ernest,Delorme,Delorme
5354,Christy,Grossi,Grossi
3847,Hermelinda,Olmos,Olmos
3025,Herbert,Fraser,Fraser
1615,Giancarlo,Heydrich,Heydrich
5154,Constance,Maldonado,Maldonado
5005,Giampiero,Carlier,Carlier
1349,Carlo,Jacquot,Jacquot
3670,Gabriel,Robles,Robles
2912,Gerd,Gunpf,Gunpf
4336,Ashley,Hellwig,Hellwig
5576,Patrick,Rosas,Rosas
2736,Lilla,Leonard,Leonard
3321,Tony,Nicolas,Nicolas
3353,Allegra,Benedetti,Benedetti
2336,Camille,Tafuri,Tafuri
4369,Juan,Wheeler,Wheeler
4464,Leopoldo,Johnson,Johnson
5626,Dietmar,Grenier,Grenier
1669,Leonid,Scholl,Scholl
5544,Olivie,Contarini,Contarini
6078,Jeffery,Lacroix,Lacroix
2580,Edeltraud,Chavez,Chavez
3592,Mesut,Morvan,Morvan
4914,Gregory,Jackson,Jackson
3848,Nicola,Rossi,Rossi
2619,Eddie,Collazo,Collazo
4605,Philippe,Gardner,Gardner
6147,Roy,Fox,Fox
1383,Heiderose,Garcia,Garcia
1757,Claudine,Rowley,Rowley
4390,Astrid,Roht,Roht
4165,Auguste,Burnett,Burnett
4529,Pellegrino,Allen,Allen
6084,Angela,Bowers,Bowers
2916,Michael,Descamps,Descamps
2005,Heidelore,Kennedy,Kennedy
2261,Lucrezia,Koch,Koch
5342,Ivan,Accardo,Accardo
4087,Karen,Avogadro,Avogadro
2761,Laetitia,Gallet,Gallet
2908,Amico,Gosselin,Gosselin
2155,Ilaria,Bowen,Bowen
5642,Marlen,Coardi,Coardi
6217,Rafael,Alexander,Alexander
4222,Herma,Gabbana,Gabbana
4798,Zachary,Vespucci,Vespucci
5660,Marisol,Richard,Richard
5000,Joseph,Glover,Glover
2809,Lauretta,Neal,Neal
3349,Simone,Sauvage,Sauvage
3647,Ramona,Brooks,Brooks
5745,Gioele,Schwital,Schwital
2583,Elena,Jimenez,Jimenez
5441,Pam,Vargas,Vargas
2090,Alison,Morales,Morales
3386,Marc,Aumann,Aumann
1816,Carla,Butler,Butler
4718,Dionigi,Bruce,Bruce
1677,Frank,Henry,Henry
4218,Brent,Pons,Pons
4548,Patricia,Liebelt,Liebelt
1431,Micheletto,Sykes,Sykes
2830,Rose,Blanc,Blanc
4400,Vincent,Singh,Singh
5773,Jamie,Peacock,Peacock
4161,Giorgia,Dijoux,Dijoux
2062,Serena,Piacentini,Piacentini
3458,Dimitri,Posada,Posada
3174,Alexa,Barillaro,Barillaro
5565,Megan,Kuhl,Kuhl
1906,Kaitlyn,Farinelli,Farinelli
5479,Jonathan,Castellitto,Castellitto
4320,Lisa,Terragni,Terragni
4213,Olivier,Petrucelli,Petrucelli
3373,Jos,Trobbiani,Trobbiani
4184,Mirjam,Dawson,Dawson
5472,Javier,Tessier,Tessier
5559,Mirjana,Collins,Collins
5419,Vanessa,Tschentscher,Tschentscher
4171,Antonina,Cobb,Cobb
1302,Bernard,Durand,Durand
3520,Corey,Greggio,Greggio
6010,Rodolfo,Couturier,Couturier
4617,Pierre,Cardenas,Cardenas
1417,Romeo,Surian,Surian
4770,Ivo,Moreno,Moreno
4328,Federico,Marie,Marie
5171,Maggie,Boito,Boito
4394,Brianna,Hanson,Hanson
1794,Heiko,Bourgeois,Bourgeois
3510,Benito,Gritti,Gritti
2487,Mitzy,Junk,Junk
2215,Samantha,Lowe,Lowe
4136,Ernesto,Nerger,Nerger
3723,Melinda,Canova,Canova
5842,Mohammad,Hartung,Hartung
3289,Ben,Maillot,Maillot
1249,Isabel,Pruschke,Pruschke
5409,Linda,Franceschi,Franceschi
2951,Olivia,Striebitz,Striebitz
3432,Penny,Watson,Watson
2297,Manfred,James,James
6161,Hazel,Pierce,Pierce
4603,Alf,Bates,Bates
5818,Scott,Gough,Gough
4270,Konrad,Briones,Briones
6007,Mathilde,Kruschwitz,Kruschwitz
4084,Irma,Gemito,Gemito
1340,Antoine,Guyon,Guyon
5675,William,Gibilisco,Gibilisco
2010,Judith,Butte,Butte
6201,Joanne,Henderson,Henderson
1791,Ludovica,Arellano,Arellano
3314,Catherine,Gray,Gray
5852,Franco,Fioravanti,Fioravanti
4618,Heather,Zimmer,Zimmer
2618,Hortense,Taylor,Taylor
4967,Livia,Ernst,Ernst
4594,Toby,Etzler,Etzler
2080,Ennio,Leoncavallo,Leoncavallo
2793,Philippine,Vaca,Vaca
4890,Rhonda,Phillips,Phillips
3528,Alphonse,Nitto,Nitto
5810,Karina,Arreola,Arreola
5720,Denise,Wood,Wood
4593,Burghard,Rosenow,Rosenow
3186,Friedl,Powell,Powell
5136,Benjamin,Schultz,Schultz
2646,Rachel,Ulibarri,Ulibarri
3460,Silvano,Blanchet,Blanchet
4345,Kurt,Sauer,Sauer
2690,Nayeli,Gehringer,Gehringer
4025,Imelda,Guerin,Guerin
4524,Zbigniew,Holmes,Holmes
3978,Adela,Alfonsi,Alfonsi
3910,Hilary,Clark,Clark
5825,Kornelius,Molina,Molina
3564,Christian,Anderson,Anderson
2396,Francisco,Dorsey,Dorsey
2140,Walli,Albert,Albert
3079,Siegrun,Mota,Mota
2017,Alberico,Herve,Herve
5444,Serafina,Bonnin,Bonnin
2216,Marcelle,Bender,Bender
1241,Hartmuth,Robertson,Robertson
1484,Herlinde,George,George
3475,Pamela,Payne,Payne
4333,Gastone,Beyer,Beyer
5657,Lydia,Berengario,Berengario
2527,Lucy,Davidson,Davidson
5967,Franck,Wade,Wade
5698,Heidi,Barker,Barker
3331,Arnaldo,Ocasio,Ocasio
3841,Francis,Bernier,Bernier
6105,Johanne,Strong,Strong
3895,Debra,Langlois,Langlois
1891,Reingard,Kambs,Kambs
1281,Mauro,Ortiz,Ortiz
4186,Griselda,Carranza,Carranza
2511,Janet,Madrigal,Madrigal
4272,Jenna,Day,Day
3533,Modesto,Wright,Wright
3618,Alice,Wall,Wall
2177,Brenda,Sontag,Sontag
4102,Sergius,Mace,Mace
6089,Antonia,Kline,Kline
4701,Maurice,Gumprich,Gumprich
5645,Daniel,Anders,Anders
4499,Zaira,Cattaneo,Cattaneo
3365,Alessio,Bruneau,Bruneau
2290,Gerdi,Guerrero,Guerrero
1890,Brigitte,Stiebitz,Stiebitz
1304,June,Sinisi,Sinisi
3799,Carl,Macias,Macias
2749,Veronica,Trapp,Trapp
2028,Frances,Garnier,Garnier
2383,Terri,Iannelli,Iannelli
5721,Odette,Moore,Moore
1394,Mercedes,Trujillo,Trujillo
3451,Babette,Dumas,Dumas
5512,Jerry,Santiago,Santiago
2453,Ronald,Simpson,Simpson
6055,Emmanuel,Dominguez,Dominguez
5704,Christiane,Ricciardi,Ricciardi
3707,Ingolf,Zamora,Zamora
2205,Rita,Sharp,Sharp
5976,Geraldine,Cabrera,Cabrera
3290,Chantal,Armas,Armas
4257,Louis,Gilbert,Gilbert
4588,Michelle,Collier,Collier
4785,Guillermina,Nicholson,Nicholson
3033,Bertrand,Hopkins,Hopkins
2779,Alonso,Palomo,Palomo
2131,Tina,Rodriguez,Rodriguez
6229,Eva,Francis,Francis
3429,Ottavio,Rust,Rust
1613,Amelia,Olvera,Olvera
4734,Paul,Palladio,Palladio
4439,Bernardo,Wieloch,Wieloch
1441,Umberto,Hicks,Hicks
5799,Janko,Bishop,Bishop
1419,Jessika,Meunier,Meunier
3059,Isaac,Benard,Benard
3224,Alexandrie,Lambert,Lambert
3181,Roberto,Guyot,Guyot
6061,Giulietta,Lucas,Lucas
4466,Damaris,Pininfarina,Pininfarina
6081,Fabrizia,Renard,Renard
2159,Camillo,Dehmel,Dehmel
3324,Ruggero,Parpinel,Parpinel
3176,Stephen,Pratesi,Pratesi
5874,Ludger,Naccari,Naccari
5110,Meryem,Tapia,Tapia
5490,Jasmine,Juvara,Juvara
1922,Victoire,Travaglia,Travaglia
4398,Adrian,Noel,Noel
4754,Marvin,Howe,Howe
3309,Hanne,Kidd,Kidd
1244,Donatello,Millet,Millet
2892,Eloisa,Pascarella,Pascarella
2777,Erica,Zambrano,Zambrano
4952,Paula,Canales,Canales
5144,Claudia,Bernard,Bernard
5487,Paulina,Miller,Miller
1932,Kathrin,Godfrey,Godfrey
3364,Pina,Passalacqua,Passalacqua
5165,Julien,Miles,Miles
3858,Suzanne,Benigni,Benigni
4666,Annalisa,Pugh,Pugh
2896,Mathew,Maestas,Maestas
4520,Laszlo,Vallee,Vallee
5726,Helen,Polanco,Polanco
5661,Mateo,Sorrentino,Sorrentino
4765,Eric,Barnes,Barnes
3710,Dragica,West,West
4925,Antje,Voisin,Voisin
1533,Stanley,Mills,Mills
5264,Brandy,Meraz,Meraz
4606,Conor,Reinhardt,Reinhardt
2043,Gabino,Blot,Blot
3871,Alvaro,Lemus,Lemus
6205,Patrizia,Wilms,Wilms
3193,Metin,Coulon,Coulon
1810,Reece,Valencia,Valencia
4797,Troy,Schmiedecke,Schmiedecke
1487,Wendy,Bustos,Bustos
3474,Guglielmo,Caldwell,Caldwell
5771,Travis,Cowan,Cowan
6074,Brandi,Abbagnale,Abbagnale
1568,Hanno,Gollum,Gollum
4263,Jutta,Burke,Burke
5850,Dorothe,Paz,Paz
5619,Desiree,Huerta,Huerta
1904,Ilse,Bray,Bray
5388,Pierpaolo,Scaduto,Scaduto
2150,Amedeo,Bradford,Bradford
2653,Julia,Ali,Ali
2687,Catalina,Pizzetti,Pizzetti
3779,Dylan,Porzio,Porzio
1494,Iris,Trincavelli,Trincavelli
4129,Johnathan,Guidotti,Guidotti
3035,Walburga,Vollbrecht,Vollbrecht
2069,Kendra,David,David
5469,Aleksandr,Weiss,Weiss
3903,Cornelio,Guardado,Guardado
4083,Ferdi,Blackburn,Blackburn
4003,Bill,Gallagher,Gallagher
3565,Leonard,Harvey,Harvey
1640,Milan,Montenegro,Montenegro
4769,Philip,Perez,Perez
3398,Kathryn,Hentschel,Hentschel
1865,Xavier,Samson,Samson
5690,Hartwig,Roberts,Roberts
3814,Kimberly,Chan,Chan
2942,Lorraine,Crawford,Crawford
5095,Maximiliano,Knowles,Knowles
2878,Gabriella,Avila,Avila
3697,Rico,Mortati,Mortati
4744,Gail,Petrocelli,Petrocelli
2104,Liberto,Niemeier,Niemeier
4883,Luciana,Petitjean,Petitjean
4807,Ron,Cavazos,Cavazos
1372,Aldo,Cibin,Cibin
3666,Alexandre,Serrano,Serrano
2066,Lori,Fagotto,Fagotto
1834,Perla,Figueroa,Figueroa
5853,Reginald,Hughes,Hughes
2219,Uriel,Holt,Holt
4148,Stefano,Lemonnier,Lemonnier
4477,Madeleine,Cooper,Cooper
1786,Alban,Barbier,Barbier
3455,Alfonso,Finetti,Finetti
5707,Ryan,Kim,Kim
5470,Augustin,Wohlgemut,Wohlgemut
3274,Rolando,Bibi,Bibi
4613,Berthold,Randall,Randall
4465,Genaro,Briand,Briand
1652,Rudolf,Jenkins,Jenkins
2100,Pauline,Ackermann,Ackermann
4321,Folker,Swanson,Swanson
4168,Ashleigh,Montez,Montez
3733,Liliana,Barber,Barber
2594,Caridad,Carr,Carr
3909,Lolita,Borrego,Borrego
5179,Gunar,Patrick,Patrick
2228,Leokadia,Verdier,Verdier
6222,Hanna,Reid,Reid
2354,Edelgard,Kreusel,Kreusel
1725,Svenja,Perrin,Perrin
2960,Pierluigi,Taccola,Taccola
2077,Cilli,Watts,Watts
5662,Emiliano,Wells,Wells
3481,April,Davids,Davids
2565,Dolores,Didier,Didier
4436,Sylvia,Bonomo,Bonomo
5072,Nelly,Marsh,Marsh
5200,Beth,Miniati,Miniati
4502,Renee,Merino,Merino
4945,Hailey,Russell,Russell
3012,Raphaela,Gotthard,Gotthard
6094,Pomponio,Comencini,Comencini
3815,Leone,Richardson,Richardson
4838,Valentine,Acosta,Acosta
3469,Ricciotti,Laureano,Laureano
4874,Jacques,Heidrich,Heidrich
1792,Anne,Snow,Snow
4356,Sonia,Volta,Volta
6196,Dale,Leblanc,Leblanc
3578,Alejandro,Cruz,Cruz
4491,Elsa,Cugia,Cugia
3054,Geronimo,Pechel,Pechel
1968,Melania,Klemm,Klemm
5869,Katherine,Cooley,Cooley
5858,Guillermo,Larsen,Larsen
5203,Jill,Barrios,Barrios
2577,Austin,Musatti,Musatti
3216,Jacinto,Rose,Rose
2037,Lucie,Redi,Redi
3867,Tania,Chapman,Chapman
5109,Alexandria,Best,Best
1376,Edward,Scott,Scott
5260,Jake,Wiley,Wiley
2350,Claudio,Reuter,Reuter
2269,Laure,Traetta,Traetta
3650,Magarete,Valentin,Valentin
3934,Paige,Hill,Hill
4048,Fulvio,Curiel,Curiel
4266,Thibaut,Camarillo,Camarillo
3863,Romana,Blanchard,Blanchard
4922,Thibault,Savorgnan,Savorgnan
4517,Alexander,Pausini,Pausini
3259,Pierangelo,Scholtz,Scholtz
3123,Emmanuelle,Keller,Keller
3870,Isabella,Deleon,Deleon
2996,Timothy,Weitzel,Weitzel
2993,Alfredo,Ingram,Ingram
4556,Francesca,Kade,Kade
2326,Tonia,Coleman,Coleman
4109,Gottfried,Barbe,Barbe
5739,Jeffrey,Trommler,Trommler
5887,Giacobbe,Owens,Owens
1651,Conchita,Pagliaro,Pagliaro
1628,Kevin,Delahaye,Delahaye
2642,Rouven,Ovadia,Ovadia
6020,Piermaria,Laporte,Laporte
4747,Karolin,Johann,Johann
5534,Steven,Folliero,Folliero
4790,Livio,Rosselli,Rosselli
4632,Gaetano,Leonardi,Leonardi
1952,Cynthia,Robinson,Robinson
4388,Eleni,Aponte,Aponte
5529,Noelia,Romo,Romo
1316,Evelyn,Haynes,Haynes
1670,Katharine,Zaccagnini,Zaccagnini
4909,Lea,Merle,Merle
3401,Marta,Huynh,Huynh
4619,Amador,Riley,Riley
4722,Julie,Coles,Coles
2188,Beverley,Telesio,Telesio
5497,Corinne,Mitschke,Mitschke
5711,Valerie,Ortega,Ortega
4076,Carlos,Delle,Delle
1847,Christina,Besnard,Besnard
2816,Rosario,Jacques,Jacques
5019,Celal,Fischer,Fischer
4869,Leonardo,Guzman,Guzman
3613,Clinton,Mason,Mason
3069,Loretta,Mallet,Mallet
2601,Lorenzo,Roero,Roero
2133,Lando,Gutierrez,Gutierrez
3164,Elaine,Patterson,Patterson
3897,Marcella,Govoni,Govoni
5663,Ettore,Amaldi,Amaldi
3879,Rufino,Gallegos,Gallegos
5900,Georges,Richards,Richards
2272,Janice,Infantino,Infantino
5436,Svetlana,Montanariello,Montanariello
3676,Agnolo,Cedillo,Cedillo
4676,Hannah,Jockel,Jockel
1563,Yvonne,Stout,Stout
4349,Anouk,Pace,Pace
1658,Esteban,Valdez,Valdez
2552,Angelina,Davies,Davies
4847,Anastasie,Cadena,Cadena
1553,Hansjoachim,Lettiere,Lettiere
2632,Yeni,Tejada,Tejada
1908,Dulce,Adinolfi,Adinolfi
5801,Sean,Mielcarek,Mielcarek
1935,Omar,Fonseca,Fonseca
2609,Henry,Gucci,Gucci
2740,Samira,Bottaro,Bottaro
1907,Korinna,Arnold,Arnold
1831,Marcela,Ferrante,Ferrante
5177,Douglas,Amaya,Amaya
6179,Katherina,Barrientos,Barrientos
2917,Brittany,Tran,Tran
1486,Caroline,Reeves,Reeves
3735,Joe,Michaud,Michaud
3838,Marco,Vittadello,Vittadello
2430,Kim,Webb,Webb
2480,Eugenia,Zichichi,Zichichi
3431,Aurore,Rosemann,Rosemann
1742,Giustino,Luzi,Luzi
4628,Anita,Galindo,Galindo
2385,Gunhild,Carrillo,Carrillo
2213,Rosa,Paul,Paul
5188,Marliese,Oneal,Oneal
3418,Bethany,Hartmann,Hartmann
5637,Irina,Martineau,Martineau
3530,Beatriz,Moulin,Moulin
3731,Lucas,Austin,Austin
3219,Carole,Nohlmans,Nohlmans
2392,Bozena,Schmitt,Schmitt
5103,Aimee,Foconi,Foconi
3992,Marzena,Carrero,Carrero
2442,Raisa,Poulain,Poulain
2913,Marcantonio,Bennett,Bennett
1631,Kenneth,Hurst,Hurst
4073,Marisela,Mende,Mende
4568,Blanka,Villareal,Villareal
1830,Tomislav,Stoppani,Stoppani
2623,Krystal,Ammaniti,Ammaniti
4327,Deanna,Aporti,Aporti
3713,Donatella,Burns,Burns
2389,Margrit,Hooper,Hooper
5141,Baccio,Marcacci,Marcacci
3522,Alfio,Roman,Roman
1334,Soledad,Soto,Soto
4721,Josh,Cimarosa,Cimarosa
3768,Nath,Rico,Rico
1639,Gary,Armani,Armani
5149,Miriam,Oquendo,Oquendo
2153,Monica,Mohaupt,Mohaupt
2767,Alec,Ho,Ho
5124,Harry,Fouquet,Fouquet
2097,Arcelia,Babati,Babati
4796,Trinidad,Vespa,Vespa
5849,Colette,Ryan,Ryan
1495,Richard,Andre,Andre
2462,Ellinor,Leclercq,Leclercq
2280,Patricio,Guillon,Guillon
1877,Kirsten,Chindamo,Chindamo
6108,Leo,Petruzzi,Petruzzi
4427,Margot,Tomaselli,Tomaselli
2881,Ansaldo,Marks,Marks
2339,Regina,Morin,Morin
5156,Karla,Medici,Medici
4750,Morgan,Irizarry,Irizarry
4852,Natividad,Wong,Wong
5734,Anna,Freeman,Freeman
3801,Emilia,Vivaldi,Vivaldi
4474,Gerda,Cook,Cook
1992,Andrey,Faure,Faure
5796,Charlotte,Duke,Duke
1373,Cindy,Castillo,Castillo
1879,Hiltrud,Thibault,Thibault
3072,Kasimir,Jaime,Jaime
4561,Sabine,Lachmann,Lachmann
5201,Andrea,Arroyo,Arroyo
5871,Matthew,Velasquez,Velasquez
3041,Severino,Linares,Linares
5864,Swantje,Lomeli,Lomeli
3999,Marcus,Espino,Espino
4849,Allen,Gates,Gates
5461,Mauricio,Saunders,Saunders
5946,Gilbert,Cornejo,Cornejo
4508,Letizia,Gulotta,Gulotta
5096,Etta,Gutknecht,Gutknecht
5443,Shelley,Perry,Perry
2165,Geoffrey,Williams,Williams
2125,Cory,Stewart,Stewart
6141,Kristy,Bartlett,Bartlett
5245,Gianluca,Beck,Beck
2190,Guido,Krein,Krein
2243,Leif,Monnier,Monnier
3336,Jonas,Badoer,Badoer
3305,Devin,Ebert,Ebert
6191,Slobodan,Camiscione,Camiscione
1326,Volkmar,Gauthier,Gauthier
6159,Jordan,Rowe,Rowe
2003,Manon,Daugherty,Daugherty
5881,Estela,Segovia,Segovia
1918,Giada,Celentano,Celentano
2157,Clayton,Salcedo,Salcedo
3149,Raven,Pinto,Pinto
2444,Lewis,Lewis,Lewis
6207,Rochus,Rousseau,Rousseau
5580,Belinda,Gamez,Gamez
5942,Angelo,Lozano,Lozano
1592,Jorge,Monti,Monti
2344,Ricky,Harrell,Harrell
5995,Adriano,Wulf,Wulf
5022,Pompeo,Bourdon,Bourdon
5991,Kristie,Garrett,Garrett
4020,Lodovico,Conley,Conley
6028,Jean,Berthelot,Berthelot
2790,Tadeusz,Medina,Medina
4033,Ruby,Carriera,Carriera
1261,Theres,Antonioni,Antonioni
1979,Gloria,Morton,Morton
2122,Graziano,Jensen,Jensen
4506,Gianpaolo,Massey,Massey
3016,Alain,Farmer,Farmer
3272,Renato,Murillo,Murillo
1375,Edda,Ferraris,Ferraris
4014,Luce,Marty,Marty
3199,Rotraud,Mitchell,Mitchell
2184,Israel,Watkins,Watkins
2170,Nathan,Jennings,Jennings
1478,Gavin,Proietti,Proietti
6163,Emma,Rios,Rios
1889,Todd,Douglas,Douglas
5912,Oscar,Holsten,Holsten
2537,Ann,Peron,Peron
2118,Senta,Grassi,Grassi
3234,Kata,Mena,Mena
3842,Gianfranco,Hethur,Hethur
3032,Florentine,Saraceno,Saraceno
3238,Giuliano,Bolzmann,Bolzmann
2059,Alwine,Kostolzin,Kostolzin
5238,Giacinto,Briggs,Briggs
2578,Holly,Negrete,Negrete
4789,Mark,Trapanese,Trapanese
2357,Alyssa,Brun,Brun
1235,Cristina,Chevalier,Chevalier
3558,Shannon,Lefevre,Lefevre
1707,Logan,Hornich,Hornich
2842,Rosalia,Toro,Toro
5318,Reiner,Poerio,Poerio
1620,Valentina,Pages,Pages
4998,Enrico,Fabre,Fabre
3111,Sevim,Begue,Begue
1424,Sonja,Patberg,Patberg
3244,Christine,Hiller,Hiller
4643,Maik,Beasley,Beasley
6132,Elliot,Santana,Santana
3790,Eloy,Renzi,Renzi
1312,Wolf,Lutz,Lutz
5686,Giuseppe,Lee,Lee
2111,Angelica,Cuellar,Cuellar
5685,Bekir,Normand,Normand
1905,Carmine,Gonzales,Gonzales
3271,Marianne,Hubert,Hubert
4178,Gonzalo,Montes,Montes
3275,Shelly,Guichard,Guichard
5713,Tobias,Carbajal,Carbajal
3339,Santiago,Berry,Berry
5585,Emilio,Davenport,Davenport
4407,Maurizio,Gute,Gute
1941,Nadia,Travaglio,Travaglio
4690,Elisa,Barkholz,Barkholz
3607,Cristal,Mazzini,Mazzini
2670,Trevor,Granados,Granados
5261,Matthieu,Mcdonald,Mcdonald
4121,Juliette,Preston,Preston
4620,Stanislaw,Montalvo,Montalvo
4630,Lilia,Lollobrigida,Lollobrigida
3440,Brigitta,Shaw,Shaw
3572,Rebeca,Frey,Frey
5306,Nicolas,Palacios,Palacios
5122,Susanna,Bonneau,Bonneau
1368,Romina,Valentine,Valentine
5370,Erika,Toussaint,Toussaint
5636,Lothar,Laurent,Laurent
6033,Chelsea,Verdugo,Verdugo
3599,Ria,Venier,Venier
5566,Carly,Summers,Summers
1873,Pasquale,Tomasini,Tomasini
3904,Stefani,Ughi,Ughi
4453,Jose,Huang,Huang
5481,Petros,Gaona,Gaona
2987,Maximilian,Siering,Siering
2431,Ermenegildo,Holzapfel,Holzapfel
4158,Damien,Leger,Leger
3753,Zeferino,Barrera,Barrera
4391,Alfred,Pohl,Pohl
2026,Marissa,Gaito,Gaito
4547,Ariana,Houston,Houston
2798,Victor,Jacobs,Jacobs
4732,Henriette,Lang,Lang
5126,Wilfriede,Baca,Baca
5151,Lucia,Riviere,Riviere
2134,Gordon,Vigorelli,Vigorelli
5786,Diethard,Salgado,Salgado
5515,Sue,Corrales,Corrales
4530,Arthur,Salazar,Salazar
4088,Fortunata,Schneider,Schneider
3667,Gretchen,Serna,Serna
3286,Egon,Caron,Caron
4804,Roberta,Finzi,Finzi
5768,Editha,Savage,Savage
6098,Allan,Emanuelli,Emanuelli
2508,Laurence,Lucero,Lucero
5779,Istvan,Draghi,Draghi
1717,Luigi,Bonnet,Bonnet
3368,Yuridia,Fantozzi,Fantozzi
4265,Eraldo,Schmiedt,Schmiedt
4455,Antoinette,Cox,Cox
2940,Cameron,Ocampo,Ocampo
6144,Lynn,Lawson,Lawson
3657,Natalia,Seifert,Seifert
1537,Nuray,Anguillara,Anguillara
2116,Beate,Morgan,Morgan
5102,Mario,Rees,Rees
5815,Galasso,Junken,Junken
4250,Luca,Moses,Moses
4533,Aurelio,Gertz,Gertz
3329,Uberto,Steele,Steele
3606,Annie,Hunter,Hunter
4749,Jo,Mccarty,Mccarty
2222,Eitel,Lombard,Lombard
1939,Susan,Vigliotti,Vigliotti
2456,Jacqueline,Germano,Germano
2794,Fidel,Ruppert,Ruppert
2648,Margaret,Eigenwillig,Eigenwillig
2545,Yvette,Harding,Harding
3273,Federigo,Karge,Karge
6155,Guenther,Armenta,Armenta
6064,Coriolano,Higgins,Higgins
1729,Felix,Rubio,Rubio
4969,Melanie,Leveque,Leveque
3402,Abbie,Galeati,Galeati
2810,Vittorio,Caccioppoli,Caccioppoli
2217,Biagio,Valenzuela,Valenzuela
5140,Dario,Green,Green
4497,Alwina,Textor,Textor
5100,Diether,Baeza,Baeza
3390,Sole,Trevino,Trevino
1926,Darren,Bernardi,Bernardi
3264,Martina,Heser,Heser
2573,Bethan,Giacometti,Giacometti
3628,Ethan,Duhamel,Duhamel
3826,Corrado,Warren,Warren
5983,Damian,Pulido,Pulido
5678,Dino,Osborne,Osborne
2093,Nicolaus,Bernetti,Bernetti
5333,Gianna,Carroll,Carroll
5139,Grit,Knight,Knight
3173,Erin,Weinhold,Weinhold
3333,Craig,Jordan,Jordan
2262,Homero,Respighi,Respighi
1531,Fanny,Pertile,Pertile
4881,Fridolin,Comboni,Comboni
3928,Hugh,Cantu,Cantu
1803,Alphons,Simmons,Simmons
2321,Ludovico,Cafarchia,Cafarchia
6234,Nico,Kaiser,Kaiser
1422,Kirsty,Lamy,Lamy
2660,Joshua,Scheibe,Scheibe
5361,Carin,Pineau,Pineau
3420,Ellie,Galarza,Galarza
4337,Marion,Lira,Lira
2338,Aurelia,Angiolello,Angiolello
4140,Maura,Ravaglioli,Ravaglioli
2373,Brunhilde,Fletcher,Fletcher
1344,Ottfried,Marques,Marques
2141,Christelle,Blasi,Blasi
3415,Augusto,Vercelloni,Vercelloni
5696,Michela,Pruvost,Pruvost
1798,Guarino,Escalante,Escalante
1657,Gabriela,Padilla,Padilla
3651,Agathe,Dias,Dias
3574,Werner,Kallert,Kallert
6063,Lore,Delaunay,Delaunay
2404,Enzio,Campos,Campos
2705,Walther,Duarte,Duarte
5059,Adelgunde,Trevisan,Trevisan
5466,Thierry,Schwartz,Schwartz
5821,Katie,Andersen,Andersen
5385,Kathy,Zamorani,Zamorani
3506,Giuseppina,Tanguy,Tanguy
5427,Jack,Klapp,Klapp
6142,Tom,Leconte,Leconte
2873,Bonnie,Cignaroli,Cignaroli
3916,Danny,Farrell,Farrell
1687,Fiorenzo,Bauer,Bauer
1542,Randy,Alfieri,Alfieri
3087,Tim,Bradley,Bradley
3857,Yves,Mendez,Mendez
5921,Raffaella,Esquivel,Esquivel
3144,Lawrence,Vasari,Vasari
2676,Sam,Adams,Adams
3646,Mirco,Nicolini,Nicolini
1321,Graham,Bajardi,Bajardi
1399,Luc,Quinn,Quinn
3169,Stella,Ullrich,Ullrich
2058,Calcedonio,Remy,Remy
1300,Nanni,Almaraz,Almaraz
2075,Pascual,Corradi,Corradi
2984,Kristi,Grant,Grant
4768,Manuel,Gracia,Gracia
3682,Gionata,Hussain,Hussain
5901,Maria,Nguyen,Nguyen
3540,Leon,Baker,Baker
2225,Gianmarco,Alcaraz,Alcaraz
1485,Derrick,Little,Little
5343,Terry,Ramirez,Ramirez
5594,Katarina,Clarke,Clarke
2482,Leila,Washington,Washington
2706,Mirko,Townsend,Townsend
4861,Randall,Connolly,Connolly
2961,Pia,Burgess,Burgess
3043,Justine,Mancini,Mancini
6103,Reynaldo,Wagenknecht,Wagenknecht
4708,Toni,Magrassi,Magrassi
4395,Patrizio,Cisneros,Cisneros
4912,Durante,Lindner,Lindner
2030,Rosl,Lamborghini,Lamborghini
5235,Ugo,Harrison,Harrison
5001,Isidor,Carpenter,Carpenter
4093,Marie,Zoppetto,Zoppetto
2576,Branko,Chambers,Chambers
6122,Alan,Pineda,Pineda
2813,Carmen,Oestrovsky,Oestrovsky
3737,Shane,Fernandez,Fernandez
2803,Debbie,Guilbert,Guilbert
5508,Vito,Dossi,Dossi
3850,Evan,Schacht,Schacht
4220,Mandy,Weston,Weston
4532,Paulo,Zito,Zito
6013,Alberto,Girschner,Girschner
3396,Giacomo,Bouvet,Bouvet
4401,Ehrentraud,Puga,Puga
2981,Cristian,Hale,Hale
4467,Lilija,Charles,Charles
1377,Albert,Legendre,Legendre
5036,Marisa,Renaud,Renaud
5761,Sharon,Diallo,Diallo
3699,Eduardo,Delattre,Delattre
4519,Bernadette,Wang,Wang
5395,Dina,Gibbons,Gibbons
3057,Clara,Armstrong,Armstrong
2741,Elliott,Herrmann,Herrmann
1675,Graziella,Vidal,Vidal
2712,Francisca,Becerra,Becerra
4527,Edeltrud,Boyer,Boyer
1722,Julian,Noble,Noble
4330,Christophe,Bohnbach,Bohnbach
5219,Ippazio,Angulo,Angulo
4997,Grace,Kroker,Kroker
2239,Jared,Ferguson,Ferguson
4587,Virginie,McLean,McLean
4113,Mason,Potter,Potter
4762,Aaron,Anaya,Anaya
5242,Leah,Ornelas,Ornelas
5765,Harald,Roy,Roy
2185,Micaela,Martel,Martel
5500,Vincentio,Sanders,Sanders
3494,Bettina,Norbiato,Norbiato
3924,Julio,Renner,Renner
3521,Jelena,Stiffel,Stiffel
5262,Guadalupe,Munoz,Munoz
3684,Whitney,Noack,Noack
5784,Gelsomina,Migliaccio,Migliaccio
1498,Evangelista,Pereira,Pereira
6073,Gareth,Comolli,Comolli
4939,Michelangelo,Hess,Hess
